{"Polygon-0": [[-127.91641874999485, 46.36758742430226], [-77.81876249999975, 46.36758742430226], [-73.07266874999452, 26.49736647157478], [-124.22501249999284, 25.072909295879597], [-127.91641874999485, 46.36758742430226]]}
{"Polygon-1": [[-126.18852392128872, 47.14690708701562], [-71.42772064039919, 43.95247618345152], [-83.00317499245989, 32.63815958447921], [-126.29982636697996, 31.885213650896645], [-126.18852392128872, 47.14690708701562]]}
{"LineString-2": [[-113.75229426741376, 41.690327327741045], [-99.61670956586666, 45.57068692947021], [-97.53423503394613, 38.85021068871882], [-113.8785048451043, 41.690327327741045]]}
{"Polygon-3": [[-140.11539569691598, 52.057988928778144], [-45.51760429543492, 49.33207299881593], [-70.46404636863934, 19.197024161498504], [-131.39517922000334, 19.613470635190183], [-140.11539569691598, 52.057988928778144]]}
{"Polygon-4": [[-105.95815515069874, 46.771227625603444], [-81.94536629850259, 38.40394501565393], [-100.70884782021805, 30.975565438416055], [-115.22820852154194, 37.34605015799616], [-105.95815515069874, 46.771227625603444]]}
{"Polygon-5": [[-104.55753932516217, 36.851867443142], [-87.75183257352711, 35.043486207452546], [-96.2308447412721, 24.352026598097353], [-107.40080089039556, 28.26505716007182], [-104.55753932516217, 36.851867443142]]}
{"Polygon-6": [[-111.9703284059446, 45.612277505558524], [-100.03878433756296, 45.824968108422155], [-102.17123051148799, 38.85608347940399], [-112.68114379725296, 39.32895259378617], [-111.9703284059446, 45.612277505558524]]}
